strategy,frame_id,difficulty,execution_time_ms,period_ms,release_time_ms,start_time_ms,finish_time_ms,original_deadline_ms,adjusted_deadline_ms,reserved_budget_ms,overrun,deadline_missed,slack_ms
WCET,0,easy,0.2482999999999791,14.027860000000006,0.0,0.0,0.2482999999999791,14.027860000000006,14.027860000000006,12.752600000000005,False,False,13.779560000000027
WCET,1,easy,0.1257999999999537,14.027860000000006,14.027860000000006,14.027860000000006,14.15365999999996,28.05572000000001,28.05572000000001,12.752600000000005,False,False,13.902060000000052
WCET,2,easy,0.1324000000000325,14.027860000000006,28.05572000000001,28.05572000000001,28.188120000000044,42.08358000000002,42.08358000000002,12.752600000000005,False,False,13.895459999999975
WCET,3,easy,0.1508999999999538,14.027860000000006,42.08358000000002,42.08358000000002,42.23447999999997,56.11144000000002,56.11144000000002,12.752600000000005,False,False,13.876960000000054
WCET,4,easy,0.2301000000000108,14.027860000000006,56.11144000000002,56.11144000000002,56.34154000000003,70.13930000000003,70.13930000000003,12.752600000000005,False,False,13.797760000000004
WCET,5,easy,0.1412000000000635,14.027860000000006,70.13930000000003,70.13930000000003,70.2805000000001,84.16716000000004,84.16716000000004,12.752600000000005,False,False,13.886659999999935
WCET,6,easy,0.1387999999999944,14.027860000000006,84.16716000000004,84.16716000000004,84.30596000000003,98.19502000000004,98.19502000000004,12.752600000000005,False,False,13.889060000000015
WCET,7,easy,0.1316000000000095,14.027860000000006,98.19502000000004,98.19502000000004,98.32662000000005,112.22288000000005,112.22288000000005,12.752600000000005,False,False,13.896259999999998
WCET,8,easy,0.1339000000000201,14.027860000000006,112.22288000000005,112.22288000000005,112.35678000000007,126.25074000000005,126.25074000000005,12.752600000000005,False,False,13.893959999999979
WCET,9,easy,0.1749999999999252,14.027860000000006,126.25074000000005,126.25074000000005,126.42573999999998,140.27860000000007,140.27860000000007,12.752600000000005,False,False,13.852860000000092
WCET,10,easy,0.1366999999999896,14.027860000000006,140.27860000000007,140.27860000000007,140.41530000000006,154.30646000000007,154.30646000000007,12.752600000000005,False,False,13.891160000000013
WCET,11,easy,0.1354999999999551,14.027860000000006,154.30646000000007,154.30646000000007,154.44196000000002,168.33432000000008,168.33432000000008,12.752600000000005,False,False,13.892360000000053
WCET,12,easy,0.1394999999999591,14.027860000000006,168.33432000000008,168.33432000000008,168.47382000000005,182.36218000000008,182.36218000000008,12.752600000000005,False,False,13.888360000000034
WCET,13,easy,0.1293999999999462,14.027860000000006,182.36218000000008,182.36218000000008,182.49158000000003,196.39004000000008,196.39004000000008,12.752600000000005,False,False,13.898460000000057
WCET,14,easy,0.1554000000000277,14.027860000000006,196.39004000000008,196.39004000000008,196.5454400000001,210.4179000000001,210.4179000000001,12.752600000000005,False,False,13.87245999999999
WCET,15,easy,0.1325000000000908,14.027860000000006,210.4179000000001,210.4179000000001,210.55040000000017,224.4457600000001,224.4457600000001,12.752600000000005,False,False,13.895359999999926
WCET,16,easy,0.1362000000000307,14.027860000000006,224.4457600000001,224.4457600000001,224.58196000000012,238.4736200000001,238.4736200000001,12.752600000000005,False,False,13.891659999999973
WCET,17,easy,0.1358000000000192,14.027860000000006,238.4736200000001,238.4736200000001,238.6094200000001,252.5014800000001,252.5014800000001,12.752600000000005,False,False,13.892059999999987
WCET,18,easy,0.1588000000000144,14.027860000000006,252.5014800000001,252.5014800000001,252.6602800000001,266.5293400000001,266.5293400000001,12.752600000000005,False,False,13.86905999999999
WCET,19,easy,0.136000000000025,14.027860000000006,266.5293400000001,266.5293400000001,266.6653400000001,280.55720000000014,280.55720000000014,12.752600000000005,False,False,13.891860000000008
WCET,20,easy,0.1327999999999329,14.027860000000006,280.55720000000014,280.55720000000014,280.69000000000005,294.58506000000017,294.58506000000017,12.752600000000005,False,False,13.895060000000115
WCET,21,easy,0.1377000000000183,14.027860000000006,294.5850600000001,294.5850600000001,294.7227600000001,308.61292000000014,308.61292000000014,12.752600000000005,False,False,13.890160000000037
WCET,22,easy,0.1323000000000851,14.027860000000006,308.61292000000014,308.61292000000014,308.74522000000024,322.6407800000002,322.6407800000002,12.752600000000005,False,False,13.895559999999932
WCET,23,easy,0.1347999999999904,14.027860000000006,322.6407800000001,322.6407800000001,322.7755800000001,336.66864000000015,336.66864000000015,12.752600000000005,False,False,13.893060000000048
WCET,24,easy,0.1942999999999806,14.027860000000006,336.66864000000015,336.66864000000015,336.86294000000015,350.6965000000002,350.6965000000002,12.752600000000005,False,False,13.833560000000034
WCET,25,easy,0.1375000000000126,14.027860000000006,350.6965000000001,350.6965000000001,350.8340000000001,364.72436000000016,364.72436000000016,12.752600000000005,False,False,13.890360000000044
WCET,26,easy,0.1364000000001475,14.027860000000006,364.72436000000016,364.72436000000016,364.8607600000003,378.7522200000002,378.7522200000002,12.752600000000005,False,False,13.891459999999881
WCET,27,easy,0.1342999999998095,14.027860000000006,378.75222000000014,378.75222000000014,378.88651999999996,392.78008000000017,392.78008000000017,12.752600000000005,False,False,13.893560000000207
WCET,28,easy,0.1335000000000086,14.027860000000006,392.78008000000017,392.78008000000017,392.9135800000002,406.8079400000002,406.8079400000002,12.752600000000005,False,False,13.894360000000006
WCET,29,easy,0.1516999999999768,14.027860000000006,406.80794000000014,406.80794000000014,406.9596400000001,420.8358000000002,420.8358000000002,12.752600000000005,False,False,13.876160000000084
WCET,30,medium,0.1378999999999131,14.027860000000006,420.8358000000002,420.8358000000002,420.97370000000006,434.8636600000002,434.8636600000002,12.752600000000005,False,False,13.889960000000144
WCET,31,medium,0.5450000000000177,14.027860000000006,434.86366000000015,434.86366000000015,435.40866000000017,448.8915200000002,448.8915200000002,12.752600000000005,False,False,13.482860000000016
WCET,32,medium,0.4469999999998642,14.027860000000006,448.8915200000002,448.8915200000002,449.3385200000001,462.9193800000002,462.9193800000002,12.752600000000005,False,False,13.580860000000143
WCET,33,medium,0.3998000000000612,14.027860000000006,462.9193800000002,462.9193800000002,463.3191800000003,476.94724000000025,476.94724000000025,12.752600000000005,False,False,13.628059999999948
WCET,34,medium,0.1345999999999847,14.027860000000006,476.9472400000002,476.9472400000002,477.08184000000017,490.9751000000002,490.9751000000002,12.752600000000005,False,False,13.893260000000055
WCET,35,medium,0.1340999999999148,14.027860000000006,490.9751000000002,490.9751000000002,491.10920000000016,505.00296000000026,505.00296000000026,12.752600000000005,False,False,13.8937600000001
WCET,36,medium,0.4186999999999941,14.027860000000006,505.0029600000002,505.0029600000002,505.4216600000002,519.0308200000002,519.0308200000002,12.752600000000005,False,False,13.609159999999974
WCET,37,medium,0.413600000000125,14.027860000000006,519.0308200000002,519.0308200000002,519.4444200000003,533.0586800000002,533.0586800000002,12.752600000000005,False,False,13.614259999999945
WCET,38,medium,0.1314999999999511,14.027860000000006,533.0586800000002,533.0586800000002,533.1901800000002,547.0865400000002,547.0865400000002,12.752600000000005,False,False,13.896360000000072
WCET,39,medium,0.1314000000001147,14.027860000000006,547.0865400000002,547.0865400000002,547.2179400000003,561.1144000000003,561.1144000000003,12.752600000000005,False,False,13.896459999999934
WCET,40,medium,0.4142000000000312,14.027860000000006,561.1144000000003,561.1144000000003,561.5286000000003,575.1422600000003,575.1422600000003,12.752600000000005,False,False,13.613659999999982
WCET,41,medium,0.4167999999999949,14.027860000000006,575.1422600000002,575.1422600000002,575.5590600000002,589.1701200000002,589.1701200000002,12.752600000000005,False,False,13.611060000000066
WCET,42,medium,0.4116000000000674,14.027860000000006,589.1701200000002,589.1701200000002,589.5817200000002,603.1979800000003,603.1979800000003,12.752600000000005,False,False,13.616260000000011
WCET,43,medium,0.5052999999999308,14.027860000000006,603.1979800000003,603.1979800000003,603.7032800000002,617.2258400000003,617.2258400000003,12.752600000000005,False,False,13.522560000000112
WCET,44,medium,0.13440000000009,14.027860000000006,617.2258400000003,617.2258400000003,617.3602400000004,631.2537000000003,631.2537000000003,12.752600000000005,False,False,13.893459999999891
WCET,45,medium,0.5854000000000692,14.027860000000006,631.2537000000002,631.2537000000002,631.8391000000003,645.2815600000002,645.2815600000002,12.752600000000005,False,False,13.442459999999983
WCET,46,medium,0.4051000000000471,14.027860000000006,645.2815600000002,645.2815600000002,645.6866600000003,659.3094200000003,659.3094200000003,12.752600000000005,False,False,13.622759999999971
WCET,47,medium,0.4140999999999728,14.027860000000006,659.3094200000003,659.3094200000003,659.7235200000002,673.3372800000003,673.3372800000003,12.752600000000005,False,False,13.61376000000007
WCET,48,medium,0.1304999999998113,14.027860000000006,673.3372800000003,673.3372800000003,673.4677800000001,687.3651400000003,687.3651400000003,12.752600000000005,False,False,13.897360000000276
WCET,49,medium,0.1446999999998865,14.027860000000006,687.3651400000003,687.3651400000003,687.5098400000002,701.3930000000004,701.3930000000004,12.752600000000005,False,False,13.883160000000203
WCET,50,medium,0.4083000000001391,14.027860000000006,701.3930000000003,701.3930000000003,701.8013000000004,715.4208600000003,715.4208600000003,12.752600000000005,False,False,13.619559999999865
WCET,51,medium,0.7789000000000268,14.027860000000006,715.4208600000003,715.4208600000003,716.1997600000003,729.4487200000003,729.4487200000003,12.752600000000005,False,False,13.248960000000011
WCET,52,medium,0.4151000000001126,14.027860000000006,729.4487200000003,729.4487200000003,729.8638200000005,743.4765800000004,743.4765800000004,12.752600000000005,False,False,13.612759999999867
WCET,53,medium,0.4177000000000763,14.027860000000006,743.4765800000004,743.4765800000004,743.8942800000004,757.5044400000004,757.5044400000004,12.752600000000005,False,False,13.61015999999995
WCET,54,medium,0.4148000000001595,14.027860000000006,757.5044400000003,757.5044400000003,757.9192400000004,771.5323000000003,771.5323000000003,12.752600000000005,False,False,13.613059999999905
WCET,55,medium,0.1645000000001228,14.027860000000006,771.5323000000003,771.5323000000003,771.6968000000004,785.5601600000003,785.5601600000003,12.752600000000005,False,False,13.863359999999943
WCET,56,medium,0.4200999999999233,14.027860000000006,785.5601600000003,785.5601600000003,785.9802600000003,799.5880200000004,799.5880200000004,12.752600000000005,False,False,13.607760000000098
WCET,57,medium,0.4128999999999383,14.027860000000006,799.5880200000004,799.5880200000004,800.0009200000003,813.6158800000004,813.6158800000004,12.752600000000005,False,False,13.61496000000011
WCET,58,medium,0.4306000000000587,14.027860000000006,813.6158800000003,813.6158800000003,814.0464800000003,827.6437400000003,827.6437400000003,12.752600000000005,False,False,13.597260000000006
WCET,59,medium,0.1282000000000227,14.027860000000006,827.6437400000003,827.6437400000003,827.7719400000003,841.6716000000004,841.6716000000004,12.752600000000005,False,False,13.89966000000004
WCET,60,hard,12.752600000000005,14.027860000000006,841.6716000000004,841.6716000000004,854.4242000000004,855.6994600000004,855.6994600000004,12.752600000000005,False,False,1.275260000000003
WCET,61,hard,7.669600000000054,14.027860000000006,855.6994600000004,855.6994600000004,863.3690600000004,869.7273200000004,869.7273200000004,12.752600000000005,False,False,6.358259999999973
WCET,62,hard,8.009799999999956,14.027860000000006,869.7273200000003,869.7273200000003,877.7371200000002,883.7551800000003,883.7551800000003,12.752600000000005,False,False,6.018060000000105
WCET,63,hard,7.793300000000114,14.027860000000006,883.7551800000003,883.7551800000003,891.5484800000005,897.7830400000004,897.7830400000004,12.752600000000005,False,False,6.234559999999874
WCET,64,hard,7.538099999999881,14.027860000000006,897.7830400000004,897.7830400000004,905.3211400000002,911.8109000000004,911.8109000000004,12.752600000000005,False,False,6.48976000000016
WCET,65,hard,7.789000000000046,14.027860000000006,911.8109000000004,911.8109000000004,919.5999000000005,925.8387600000004,925.8387600000004,12.752600000000005,False,False,6.2388599999999315
WCET,66,hard,7.787899999999848,14.027860000000006,925.8387600000004,925.8387600000004,933.6266600000002,939.8666200000005,939.8666200000005,12.752600000000005,False,False,6.239960000000224
WCET,67,hard,8.03799999999999,14.027860000000006,939.8666200000004,939.8666200000004,947.9046200000004,953.8944800000004,953.8944800000004,12.752600000000005,False,False,5.9898600000000215
WCET,68,hard,7.72930000000005,14.027860000000006,953.8944800000004,953.8944800000004,961.6237800000005,967.9223400000004,967.9223400000004,12.752600000000005,False,False,6.298559999999952
WCET,69,hard,7.744999999999891,14.027860000000006,967.9223400000004,967.9223400000004,975.6673400000003,981.9502000000005,981.9502000000005,12.752600000000005,False,False,6.2828600000001416
WCET,70,hard,8.007799999999898,14.027860000000006,981.9502000000005,981.9502000000005,989.9580000000003,995.9780600000005,995.9780600000005,12.752600000000005,False,False,6.020060000000171
WCET,71,hard,8.749300000000293,14.027860000000006,995.9780600000004,995.9780600000004,1004.7273600000007,1010.0059200000004,1010.0059200000004,12.752600000000005,False,False,5.278559999999743
WCET,72,hard,7.735499999999895,14.027860000000006,1010.0059200000004,1010.0059200000004,1017.7414200000003,1024.0337800000004,1024.0337800000004,12.752600000000005,False,False,6.292360000000144
WCET,73,hard,7.857399999999792,14.027860000000006,1024.0337800000004,1024.0337800000004,1031.8911800000003,1038.0616400000004,1038.0616400000004,12.752600000000005,False,False,6.170460000000048
WCET,74,hard,7.661899999999999,14.027860000000006,1038.0616400000004,1038.0616400000004,1045.7235400000004,1052.0895000000003,1052.0895000000003,12.752600000000005,False,False,6.365959999999859
WCET,75,hard,7.795999999999914,14.027860000000006,1052.0895000000005,1052.0895000000005,1059.8855000000003,1066.1173600000004,1066.1173600000004,12.752600000000005,False,False,6.231860000000097
WCET,76,hard,7.579799999999803,14.027860000000006,1066.1173600000004,1066.1173600000004,1073.6971600000002,1080.1452200000003,1080.1452200000003,12.752600000000005,False,False,6.448060000000169
WCET,77,hard,7.70570000000026,14.027860000000006,1080.1452200000003,1080.1452200000003,1087.8509200000005,1094.1730800000003,1094.1730800000003,12.752600000000005,False,False,6.3221599999997125
WCET,78,hard,7.597699999999818,14.027860000000006,1094.1730800000005,1094.1730800000005,1101.7707800000003,1108.2009400000004,1108.2009400000004,12.752600000000005,False,False,6.4301600000001145
WCET,79,hard,7.918399999999881,14.027860000000006,1108.2009400000004,1108.2009400000004,1116.1193400000002,1122.2288000000003,1122.2288000000003,12.752600000000005,False,False,6.1094600000001265
WCET,80,hard,7.799900000000193,14.027860000000006,1122.2288000000005,1122.2288000000005,1130.0287000000008,1136.2566600000005,1136.2566600000005,12.752600000000005,False,False,6.227959999999712
WCET,81,hard,7.565900000000347,14.027860000000006,1136.2566600000005,1136.2566600000005,1143.8225600000007,1150.2845200000004,1150.2845200000004,12.752600000000005,False,False,6.461959999999635
WCET,82,hard,7.848999999999773,14.027860000000006,1150.2845200000004,1150.2845200000004,1158.13352,1164.3123800000003,1164.3123800000003,12.752600000000005,False,False,6.178860000000213
WCET,83,hard,7.82050000000023,14.027860000000006,1164.3123800000005,1164.3123800000005,1172.1328800000008,1178.3402400000004,1178.3402400000004,12.752600000000005,False,False,6.207359999999653
WCET,84,hard,7.900999999999936,14.027860000000006,1178.3402400000004,1178.3402400000004,1186.2412400000003,1192.3681000000004,1192.3681000000004,12.752600000000005,False,False,6.126860000000079
WCET,85,hard,7.802199999999981,14.027860000000006,1192.3681000000006,1192.3681000000006,1200.1703000000007,1206.3959600000005,1206.3959600000005,12.752600000000005,False,False,6.225659999999834
WCET,86,hard,8.40609999999975,14.027860000000006,1206.3959600000005,1206.3959600000005,1214.8020600000002,1220.4238200000004,1220.4238200000004,12.752600000000005,False,False,5.621760000000222
WCET,87,hard,7.820199999999833,14.027860000000006,1220.4238200000004,1220.4238200000004,1228.2440200000003,1234.4516800000004,1234.4516800000004,12.752600000000005,False,False,6.207660000000033
WCET,88,hard,7.671100000000042,14.027860000000006,1234.4516800000006,1234.4516800000006,1242.1227800000006,1248.4795400000005,1248.4795400000005,12.752600000000005,False,False,6.356759999999895
WCET,89,hard,7.777799999999946,14.027860000000006,1248.4795400000005,1248.4795400000005,1256.2573400000003,1262.5074000000004,1262.5074000000004,12.752600000000005,False,False,6.250060000000076
WCET,90,missing,7.824600000000181,14.027860000000006,1262.5074000000004,1262.5074000000004,1270.3320000000006,1276.5352600000003,1276.5352600000003,12.752600000000005,False,False,6.203259999999773
WCET,91,missing,8.394800000000036,14.027860000000006,1276.5352600000006,1276.5352600000006,1284.9300600000006,1290.5631200000005,1290.5631200000005,12.752600000000005,False,False,5.633059999999887
WCET,92,missing,7.822299999999949,14.027860000000006,1290.5631200000005,1290.5631200000005,1298.3854200000005,1304.5909800000004,1304.5909800000004,12.752600000000005,False,False,6.205559999999878
WCET,93,missing,7.914099999999813,14.027860000000006,1304.5909800000006,1304.5909800000006,1312.5050800000004,1318.6188400000005,1318.6188400000005,12.752600000000005,False,False,6.113760000000184
WCET,94,missing,7.883599999999991,14.027860000000006,1318.6188400000005,1318.6188400000005,1326.5024400000004,1332.6467000000005,1332.6467000000005,12.752600000000005,False,False,6.144260000000031
WCET,95,missing,7.763800000000209,14.027860000000006,1332.6467000000005,1332.6467000000005,1340.4105000000006,1346.6745600000004,1346.6745600000004,12.752600000000005,False,False,6.264059999999745
WCET,96,missing,7.95749999999984,14.027860000000006,1346.6745600000006,1346.6745600000006,1354.6320600000004,1360.7024200000005,1360.7024200000005,12.752600000000005,False,False,6.070360000000164
WCET,97,missing,7.614000000000232,14.027860000000006,1360.7024200000005,1360.7024200000005,1368.3164200000008,1374.7302800000004,1374.7302800000004,12.752600000000005,False,False,6.413859999999659
WCET,98,missing,7.944699999999916,14.027860000000006,1374.7302800000007,1374.7302800000007,1382.6749800000007,1388.7581400000006,1388.7581400000006,12.752600000000005,False,False,6.083159999999907
WCET,99,missing,7.590699999999728,14.027860000000006,1388.7581400000006,1388.7581400000006,1396.3488400000003,1402.7860000000005,1402.7860000000005,12.752600000000005,False,False,6.437160000000176
WCET,100,missing,7.64710000000024,14.027860000000006,1402.7860000000005,1402.7860000000005,1410.4331000000006,1416.8138600000004,1416.8138600000004,12.752600000000005,False,False,6.380759999999782
WCET,101,missing,7.823899999999995,14.027860000000006,1416.8138600000007,1416.8138600000007,1424.6377600000008,1430.8417200000006,1430.8417200000006,12.752600000000005,False,False,6.2039599999998245
WCET,102,missing,7.689999999999753,14.027860000000006,1430.8417200000006,1430.8417200000006,1438.5317200000004,1444.8695800000005,1444.8695800000005,12.752600000000005,False,False,6.3378600000000915
WCET,103,missing,7.953399999999888,14.027860000000006,1444.8695800000005,1444.8695800000005,1452.8229800000004,1458.8974400000004,1458.8974400000004,12.752600000000005,False,False,6.074460000000045
WCET,104,missing,7.847400000000171,14.027860000000006,1458.8974400000006,1458.8974400000006,1466.7448400000007,1472.9253000000006,1472.9253000000006,12.752600000000005,False,False,6.180459999999812
WCET,105,missing,7.626899999999992,14.027860000000006,1472.9253000000006,1472.9253000000006,1480.5522000000005,1486.9531600000005,1486.9531600000005,12.752600000000005,False,False,6.400959999999941
WCET,106,missing,8.105500000000099,14.027860000000006,1486.9531600000007,1486.9531600000007,1495.0586600000008,1500.9810200000006,1500.9810200000006,12.752600000000005,False,False,5.922359999999799
WCET,107,missing,7.6032999999999795,14.027860000000006,1500.9810200000006,1500.9810200000006,1508.5843200000006,1515.0088800000005,1515.0088800000005,12.752600000000005,False,False,6.4245599999999286
WCET,108,missing,7.98539999999992,14.027860000000006,1515.0088800000005,1515.0088800000005,1522.9942800000006,1529.0367400000005,1529.0367400000005,12.752600000000005,False,False,6.042459999999892
WCET,109,missing,7.7449000000000545,14.027860000000006,1529.0367400000007,1529.0367400000007,1536.7816400000008,1543.0646000000006,1543.0646000000006,12.752600000000005,False,False,6.282959999999775
WCET,110,missing,8.158599999999794,14.027860000000006,1543.0646000000006,1543.0646000000006,1551.2232000000004,1557.0924600000005,1557.0924600000005,12.752600000000005,False,False,5.869260000000168
WCET,111,missing,7.640299999999822,14.027860000000006,1557.0924600000005,1557.0924600000005,1564.7327600000003,1571.1203200000004,1571.1203200000004,12.752600000000005,False,False,6.387560000000121
WCET,112,missing,7.768599999999903,14.027860000000006,1571.1203200000007,1571.1203200000007,1578.8889200000006,1585.1481800000006,1585.1481800000006,12.752600000000005,False,False,6.25926000000004
WCET,113,missing,7.737999999999801,14.027860000000006,1585.1481800000006,1585.1481800000006,1592.8861800000004,1599.1760400000005,1599.1760400000005,12.752600000000005,False,False,6.28986000000009
WCET,114,missing,7.82689999999997,14.027860000000006,1599.1760400000007,1599.1760400000007,1607.0029400000008,1613.2039000000007,1613.2039000000007,12.752600000000005,False,False,6.2009599999998954
WCET,115,missing,8.012200000000025,14.027860000000006,1613.2039000000007,1613.2039000000007,1621.2161000000008,1627.2317600000006,1627.2317600000006,12.752600000000005,False,False,6.015659999999798
WCET,116,missing,7.606700000000188,14.027860000000006,1627.2317600000006,1627.2317600000006,1634.8384600000009,1641.2596200000005,1641.2596200000005,12.752600000000005,False,False,6.421159999999645
WCET,117,missing,7.541899999999657,14.027860000000006,1641.2596200000007,1641.2596200000007,1648.8015200000004,1655.2874800000006,1655.2874800000006,12.752600000000005,False,False,6.485960000000205
WCET,118,missing,7.714299999999952,14.027860000000006,1655.2874800000006,1655.2874800000006,1663.0017800000005,1669.3153400000006,1669.3153400000006,12.752600000000005,False,False,6.313560000000052
WCET,119,missing,7.798899999999609,14.027860000000006,1669.3153400000008,1669.3153400000008,1677.1142400000003,1683.3432000000007,1683.3432000000007,12.752600000000005,False,False,6.22896000000037
NormalOnly,0,easy,0.2482999999999791,2.0,0.0,0.0,0.2482999999999791,2.0,2.0,0.5,False,False,1.751700000000021
NormalOnly,1,easy,0.1257999999999537,2.0,2.0,2.0,2.1257999999999537,4.0,4.0,0.5,False,False,1.8742000000000463
NormalOnly,2,easy,0.1324000000000325,2.0,4.0,4.0,4.1324000000000325,6.0,6.0,0.5,False,False,1.8675999999999675
NormalOnly,3,easy,0.1508999999999538,2.0,6.0,6.0,6.150899999999954,8.0,8.0,0.5,False,False,1.8491000000000462
NormalOnly,4,easy,0.2301000000000108,2.0,8.0,8.0,8.23010000000001,10.0,10.0,0.5,False,False,1.7698999999999891
NormalOnly,5,easy,0.1412000000000635,2.0,10.0,10.0,10.141200000000063,12.0,12.0,0.5,False,False,1.8587999999999365
NormalOnly,6,easy,0.1387999999999944,2.0,12.0,12.0,12.138799999999994,14.0,14.0,0.5,False,False,1.8612000000000055
NormalOnly,7,easy,0.1316000000000095,2.0,14.0,14.0,14.13160000000001,16.0,16.0,0.5,False,False,1.8683999999999905
NormalOnly,8,easy,0.1339000000000201,2.0,16.0,16.0,16.13390000000002,18.0,18.0,0.5,False,False,1.8660999999999817
NormalOnly,9,easy,0.1749999999999252,2.0,18.0,18.0,18.174999999999926,20.0,20.0,0.5,False,False,1.825000000000074
NormalOnly,10,easy,0.1366999999999896,2.0,20.0,20.0,20.13669999999999,22.0,22.0,0.5,False,False,1.8633000000000095
NormalOnly,11,easy,0.1354999999999551,2.0,22.0,22.0,22.135499999999954,24.0,24.0,0.5,False,False,1.8645000000000458
NormalOnly,12,easy,0.1394999999999591,2.0,24.0,24.0,24.13949999999996,26.0,26.0,0.5,False,False,1.860500000000041
NormalOnly,13,easy,0.1293999999999462,2.0,26.0,26.0,26.129399999999947,28.0,28.0,0.5,False,False,1.8706000000000529
NormalOnly,14,easy,0.1554000000000277,2.0,28.0,28.0,28.15540000000003,30.0,30.0,0.5,False,False,1.8445999999999714
NormalOnly,15,easy,0.1325000000000908,2.0,30.0,30.0,30.13250000000009,32.0,32.0,0.5,False,False,1.867499999999911
NormalOnly,16,easy,0.1362000000000307,2.0,32.0,32.0,32.13620000000003,34.0,34.0,0.5,False,False,1.8637999999999693
NormalOnly,17,easy,0.1358000000000192,2.0,34.0,34.0,34.13580000000002,36.0,36.0,0.5,False,False,1.8641999999999825
NormalOnly,18,easy,0.1588000000000144,2.0,36.0,36.0,36.158800000000014,38.0,38.0,0.5,False,False,1.8411999999999864
NormalOnly,19,easy,0.136000000000025,2.0,38.0,38.0,38.136000000000024,40.0,40.0,0.5,False,False,1.863999999999976
NormalOnly,20,easy,0.1327999999999329,2.0,40.0,40.0,40.13279999999993,42.0,42.0,0.5,False,False,1.867200000000068
NormalOnly,21,easy,0.1377000000000183,2.0,42.0,42.0,42.13770000000002,44.0,44.0,0.5,False,False,1.8622999999999834
NormalOnly,22,easy,0.1323000000000851,2.0,44.0,44.0,44.132300000000086,46.0,46.0,0.5,False,False,1.867699999999914
NormalOnly,23,easy,0.1347999999999904,2.0,46.0,46.0,46.13479999999999,48.0,48.0,0.5,False,False,1.8652000000000086
NormalOnly,24,easy,0.1942999999999806,2.0,48.0,48.0,48.194299999999984,50.0,50.0,0.5,False,False,1.8057000000000158
NormalOnly,25,easy,0.1375000000000126,2.0,50.0,50.0,50.13750000000001,52.0,52.0,0.5,False,False,1.86249999999999
NormalOnly,26,easy,0.1364000000001475,2.0,52.0,52.0,52.136400000000144,54.0,54.0,0.5,False,False,1.863599999999856
NormalOnly,27,easy,0.1342999999998095,2.0,54.0,54.0,54.13429999999981,56.0,56.0,0.5,False,False,1.8657000000001887
NormalOnly,28,easy,0.1335000000000086,2.0,56.0,56.0,56.13350000000001,58.0,58.0,0.5,False,False,1.8664999999999878
NormalOnly,29,easy,0.1516999999999768,2.0,58.0,58.0,58.15169999999998,60.0,60.0,0.5,False,False,1.8483000000000231
NormalOnly,30,medium,0.1378999999999131,2.0,60.0,60.0,60.13789999999992,62.0,62.0,0.5,False,False,1.8621000000000834
NormalOnly,31,medium,0.5450000000000177,2.0,62.0,62.0,62.545000000000016,64.0,64.0,0.5,True,False,1.454999999999984
NormalOnly,32,medium,0.4469999999998642,2.0,64.0,64.0,64.44699999999986,66.0,66.0,0.5,False,False,1.5530000000001394
NormalOnly,33,medium,0.3998000000000612,2.0,66.0,66.0,66.39980000000006,68.0,68.0,0.5,False,False,1.6001999999999441
NormalOnly,34,medium,0.1345999999999847,2.0,68.0,68.0,68.13459999999998,70.0,70.0,0.5,False,False,1.8654000000000224
NormalOnly,35,medium,0.1340999999999148,2.0,70.0,70.0,70.13409999999992,72.0,72.0,0.5,False,False,1.8659000000000816
NormalOnly,36,medium,0.4186999999999941,2.0,72.0,72.0,72.4187,74.0,74.0,0.5,False,False,1.5812999999999988
NormalOnly,37,medium,0.413600000000125,2.0,74.0,74.0,74.41360000000013,76.0,76.0,0.5,False,False,1.5863999999998697
NormalOnly,38,medium,0.1314999999999511,2.0,76.0,76.0,76.13149999999995,78.0,78.0,0.5,False,False,1.8685000000000542
NormalOnly,39,medium,0.1314000000001147,2.0,78.0,78.0,78.13140000000011,80.0,80.0,0.5,False,False,1.868599999999887
NormalOnly,40,medium,0.4142000000000312,2.0,80.0,80.0,80.41420000000004,82.0,82.0,0.5,False,False,1.5857999999999635
NormalOnly,41,medium,0.4167999999999949,2.0,82.0,82.0,82.4168,84.0,84.0,0.5,False,False,1.583200000000005
NormalOnly,42,medium,0.4116000000000674,2.0,84.0,84.0,84.41160000000006,86.0,86.0,0.5,False,False,1.588399999999936
NormalOnly,43,medium,0.5052999999999308,2.0,86.0,86.0,86.50529999999993,88.0,88.0,0.5,True,False,1.4947000000000656
NormalOnly,44,medium,0.13440000000009,2.0,88.0,88.0,88.13440000000008,90.0,90.0,0.5,False,False,1.8655999999999153
NormalOnly,45,medium,0.5854000000000692,2.0,90.0,90.0,90.58540000000006,92.0,92.0,0.5,True,False,1.4145999999999361
NormalOnly,46,medium,0.4051000000000471,2.0,92.0,92.0,92.40510000000005,94.0,94.0,0.5,False,False,1.594899999999953
NormalOnly,47,medium,0.4140999999999728,2.0,94.0,94.0,94.41409999999998,96.0,96.0,0.5,False,False,1.5859000000000236
NormalOnly,48,medium,0.1304999999998113,2.0,96.0,96.0,96.13049999999981,98.0,98.0,0.5,False,False,1.869500000000187
NormalOnly,49,medium,0.1446999999998865,2.0,98.0,98.0,98.14469999999989,100.0,100.0,0.5,False,False,1.8553000000001134
NormalOnly,50,medium,0.4083000000001391,2.0,100.0,100.0,100.40830000000014,102.0,102.0,0.5,False,False,1.591699999999861
NormalOnly,51,medium,0.7789000000000268,2.0,102.0,102.0,102.77890000000002,104.0,104.0,0.5,True,False,1.2210999999999785
NormalOnly,52,medium,0.4151000000001126,2.0,104.0,104.0,104.41510000000011,106.0,106.0,0.5,False,False,1.584899999999891
NormalOnly,53,medium,0.4177000000000763,2.0,106.0,106.0,106.41770000000008,108.0,108.0,0.5,False,False,1.5822999999999183
NormalOnly,54,medium,0.4148000000001595,2.0,108.0,108.0,108.41480000000016,110.0,110.0,0.5,False,False,1.585199999999844
NormalOnly,55,medium,0.1645000000001228,2.0,110.0,110.0,110.16450000000012,112.0,112.0,0.5,False,False,1.8354999999998824
NormalOnly,56,medium,0.4200999999999233,2.0,112.0,112.0,112.42009999999992,114.0,114.0,0.5,False,False,1.5799000000000802
NormalOnly,57,medium,0.4128999999999383,2.0,114.0,114.0,114.41289999999994,116.0,116.0,0.5,False,False,1.5871000000000635
NormalOnly,58,medium,0.4306000000000587,2.0,116.0,116.0,116.43060000000006,118.0,118.0,0.5,False,False,1.5693999999999448
NormalOnly,59,medium,0.1282000000000227,2.0,118.0,118.0,118.12820000000002,120.0,120.0,0.5,False,False,1.871799999999979
NormalOnly,60,hard,12.752600000000005,2.0,120.0,120.0,132.7526,122.0,122.0,0.5,True,True,-10.752600000000001
NormalOnly,61,hard,7.669600000000054,2.0,122.0,122.0,129.66960000000006,124.0,124.0,0.5,True,True,-5.6696000000000595
NormalOnly,62,hard,8.009799999999956,2.0,124.0,124.0,132.00979999999996,126.0,126.0,0.5,True,True,-6.009799999999956
NormalOnly,63,hard,7.793300000000114,2.0,126.0,126.0,133.7933000000001,128.0,128.0,0.5,True,True,-5.793300000000102
NormalOnly,64,hard,7.538099999999881,2.0,128.0,128.0,135.53809999999987,130.0,130.0,0.5,True,True,-5.538099999999872
NormalOnly,65,hard,7.789000000000046,2.0,130.0,130.0,137.78900000000004,132.0,132.0,0.5,True,True,-5.789000000000044
NormalOnly,66,hard,7.787899999999848,2.0,132.0,132.0,139.78789999999984,134.0,134.0,0.5,True,True,-5.787899999999837
NormalOnly,67,hard,8.03799999999999,2.0,134.0,134.0,142.03799999999998,136.0,136.0,0.5,True,True,-6.0379999999999825
NormalOnly,68,hard,7.72930000000005,2.0,136.0,136.0,143.72930000000005,138.0,138.0,0.5,True,True,-5.729300000000052
NormalOnly,69,hard,7.744999999999891,2.0,138.0,138.0,145.7449999999999,140.0,140.0,0.5,True,True,-5.744999999999891
NormalOnly,70,hard,8.007799999999898,2.0,140.0,140.0,148.0077999999999,142.0,142.0,0.5,True,True,-6.0077999999998895
NormalOnly,71,hard,8.749300000000293,2.0,142.0,142.0,150.7493000000003,144.0,144.0,0.5,True,True,-6.749300000000289
NormalOnly,72,hard,7.735499999999895,2.0,144.0,144.0,151.7354999999999,146.0,146.0,0.5,True,True,-5.735499999999888
NormalOnly,73,hard,7.857399999999792,2.0,146.0,146.0,153.85739999999979,148.0,148.0,0.5,True,True,-5.857399999999785
NormalOnly,74,hard,7.661899999999999,2.0,148.0,148.0,155.6619,150.0,150.0,0.5,True,True,-5.661900000000003
NormalOnly,75,hard,7.795999999999914,2.0,150.0,150.0,157.7959999999999,152.0,152.0,0.5,True,True,-5.795999999999907
NormalOnly,76,hard,7.579799999999803,2.0,152.0,152.0,159.5797999999998,154.0,154.0,0.5,True,True,-5.579799999999807
NormalOnly,77,hard,7.70570000000026,2.0,154.0,154.0,161.70570000000026,156.0,156.0,0.5,True,True,-5.705700000000263
NormalOnly,78,hard,7.597699999999818,2.0,156.0,156.0,163.5976999999998,158.0,158.0,0.5,True,True,-5.597699999999804
NormalOnly,79,hard,7.918399999999881,2.0,158.0,158.0,165.91839999999988,160.0,160.0,0.5,True,True,-5.9183999999998775
NormalOnly,80,hard,7.799900000000193,2.0,160.0,160.0,167.7999000000002,162.0,162.0,0.5,True,True,-5.799900000000207
NormalOnly,81,hard,7.565900000000347,2.0,162.0,162.0,169.56590000000034,164.0,164.0,0.5,True,True,-5.56590000000034
NormalOnly,82,hard,7.848999999999773,2.0,164.0,164.0,171.84899999999976,166.0,166.0,0.5,True,True,-5.848999999999762
NormalOnly,83,hard,7.82050000000023,2.0,166.0,166.0,173.82050000000024,168.0,168.0,0.5,True,True,-5.820500000000237
NormalOnly,84,hard,7.900999999999936,2.0,168.0,168.0,175.90099999999993,170.0,170.0,0.5,True,True,-5.900999999999925
NormalOnly,85,hard,7.802199999999981,2.0,170.0,170.0,177.80219999999997,172.0,172.0,0.5,True,True,-5.802199999999971
NormalOnly,86,hard,8.40609999999975,2.0,172.0,172.0,180.40609999999975,174.0,174.0,0.5,True,True,-6.406099999999753
NormalOnly,87,hard,7.820199999999833,2.0,174.0,174.0,181.82019999999983,176.0,176.0,0.5,True,True,-5.820199999999829
NormalOnly,88,hard,7.671100000000042,2.0,176.0,176.0,183.67110000000005,178.0,178.0,0.5,True,True,-5.671100000000052
NormalOnly,89,hard,7.777799999999946,2.0,178.0,178.0,185.77779999999996,180.0,180.0,0.5,True,True,-5.7777999999999565
NormalOnly,90,missing,7.824600000000181,2.0,180.0,180.0,187.82460000000017,182.0,182.0,0.5,True,True,-5.824600000000174
NormalOnly,91,missing,8.394800000000036,2.0,182.0,182.0,190.39480000000003,184.0,184.0,0.5,True,True,-6.394800000000032
NormalOnly,92,missing,7.822299999999949,2.0,184.0,184.0,191.82229999999996,186.0,186.0,0.5,True,True,-5.822299999999956
NormalOnly,93,missing,7.914099999999813,2.0,186.0,186.0,193.91409999999982,188.0,188.0,0.5,True,True,-5.91409999999982
NormalOnly,94,missing,7.883599999999991,2.0,188.0,188.0,195.8836,190.0,190.0,0.5,True,True,-5.883600000000001
NormalOnly,95,missing,7.763800000000209,2.0,190.0,190.0,197.7638000000002,192.0,192.0,0.5,True,True,-5.763800000000202
NormalOnly,96,missing,7.95749999999984,2.0,192.0,192.0,199.95749999999984,194.0,194.0,0.5,True,True,-5.95749999999984
NormalOnly,97,missing,7.614000000000232,2.0,194.0,194.0,201.61400000000023,196.0,196.0,0.5,True,True,-5.614000000000232
NormalOnly,98,missing,7.944699999999916,2.0,196.0,196.0,203.94469999999993,198.0,198.0,0.5,True,True,-5.944699999999926
NormalOnly,99,missing,7.590699999999728,2.0,198.0,198.0,205.59069999999974,200.0,200.0,0.5,True,True,-5.590699999999742
NormalOnly,100,missing,7.64710000000024,2.0,200.0,200.0,207.64710000000025,202.0,202.0,0.5,True,True,-5.6471000000002505
NormalOnly,101,missing,7.823899999999995,2.0,202.0,202.0,209.82389999999998,204.0,204.0,0.5,True,True,-5.8238999999999805
NormalOnly,102,missing,7.689999999999753,2.0,204.0,204.0,211.68999999999974,206.0,206.0,0.5,True,True,-5.689999999999742
NormalOnly,103,missing,7.953399999999888,2.0,206.0,206.0,213.95339999999987,208.0,208.0,0.5,True,True,-5.953399999999874
NormalOnly,104,missing,7.847400000000171,2.0,208.0,208.0,215.84740000000016,210.0,210.0,0.5,True,True,-5.847400000000164
NormalOnly,105,missing,7.626899999999992,2.0,210.0,210.0,217.62689999999998,212.0,212.0,0.5,True,True,-5.626899999999978
NormalOnly,106,missing,8.105500000000099,2.0,212.0,212.0,220.1055000000001,214.0,214.0,0.5,True,True,-6.105500000000092
NormalOnly,107,missing,7.6032999999999795,2.0,214.0,214.0,221.6033,216.0,216.0,0.5,True,True,-5.60329999999999
NormalOnly,108,missing,7.98539999999992,2.0,216.0,216.0,223.9853999999999,218.0,218.0,0.5,True,True,-5.985399999999913
NormalOnly,109,missing,7.7449000000000545,2.0,218.0,218.0,225.74490000000006,220.0,220.0,0.5,True,True,-5.744900000000058
NormalOnly,110,missing,8.158599999999794,2.0,220.0,220.0,228.1585999999998,222.0,222.0,0.5,True,True,-6.158599999999808
NormalOnly,111,missing,7.640299999999822,2.0,222.0,222.0,229.64029999999983,224.0,224.0,0.5,True,True,-5.640299999999826
NormalOnly,112,missing,7.768599999999903,2.0,224.0,224.0,231.7685999999999,226.0,226.0,0.5,True,True,-5.768599999999907
NormalOnly,113,missing,7.737999999999801,2.0,226.0,226.0,233.7379999999998,228.0,228.0,0.5,True,True,-5.737999999999801
NormalOnly,114,missing,7.82689999999997,2.0,228.0,228.0,235.82689999999997,230.0,230.0,0.5,True,True,-5.826899999999966
NormalOnly,115,missing,8.012200000000025,2.0,230.0,230.0,238.01220000000004,232.0,232.0,0.5,True,True,-6.0122000000000355
NormalOnly,116,missing,7.606700000000188,2.0,232.0,232.0,239.6067000000002,234.0,234.0,0.5,True,True,-5.606700000000188
NormalOnly,117,missing,7.541899999999657,2.0,234.0,234.0,241.54189999999966,236.0,236.0,0.5,True,True,-5.541899999999657
NormalOnly,118,missing,7.714299999999952,2.0,236.0,236.0,243.71429999999995,238.0,238.0,0.5,True,True,-5.714299999999952
NormalOnly,119,missing,7.798899999999609,2.0,238.0,238.0,245.7988999999996,240.0,240.0,0.5,True,True,-5.798899999999605
OverrunHandled,0,easy,0.2482999999999791,2.0,0.0,0.0,0.2482999999999791,2.0,2.0,0.5,False,False,1.751700000000021
OverrunHandled,1,easy,0.1257999999999537,2.0,2.0,2.0,2.1257999999999537,4.0,4.0,0.5,False,False,1.8742000000000463
OverrunHandled,2,easy,0.1324000000000325,2.0,4.0,4.0,4.1324000000000325,6.0,6.0,0.5,False,False,1.8675999999999675
OverrunHandled,3,easy,0.1508999999999538,2.0,6.0,6.0,6.150899999999954,8.0,8.0,0.5,False,False,1.8491000000000462
OverrunHandled,4,easy,0.2301000000000108,2.0,8.0,8.0,8.23010000000001,10.0,10.0,0.5,False,False,1.7698999999999891
OverrunHandled,5,easy,0.1412000000000635,2.0,10.0,10.0,10.141200000000063,12.0,12.0,0.5,False,False,1.8587999999999365
OverrunHandled,6,easy,0.1387999999999944,2.0,12.0,12.0,12.138799999999994,14.0,14.0,0.5,False,False,1.8612000000000055
OverrunHandled,7,easy,0.1316000000000095,2.0,14.0,14.0,14.13160000000001,16.0,16.0,0.5,False,False,1.8683999999999905
OverrunHandled,8,easy,0.1339000000000201,2.0,16.0,16.0,16.13390000000002,18.0,18.0,0.5,False,False,1.8660999999999817
OverrunHandled,9,easy,0.1749999999999252,2.0,18.0,18.0,18.174999999999926,20.0,20.0,0.5,False,False,1.825000000000074
OverrunHandled,10,easy,0.1366999999999896,2.0,20.0,20.0,20.13669999999999,22.0,22.0,0.5,False,False,1.8633000000000095
OverrunHandled,11,easy,0.1354999999999551,2.0,22.0,22.0,22.135499999999954,24.0,24.0,0.5,False,False,1.8645000000000458
OverrunHandled,12,easy,0.1394999999999591,2.0,24.0,24.0,24.13949999999996,26.0,26.0,0.5,False,False,1.860500000000041
OverrunHandled,13,easy,0.1293999999999462,2.0,26.0,26.0,26.129399999999947,28.0,28.0,0.5,False,False,1.8706000000000529
OverrunHandled,14,easy,0.1554000000000277,2.0,28.0,28.0,28.15540000000003,30.0,30.0,0.5,False,False,1.8445999999999714
OverrunHandled,15,easy,0.1325000000000908,2.0,30.0,30.0,30.13250000000009,32.0,32.0,0.5,False,False,1.867499999999911
OverrunHandled,16,easy,0.1362000000000307,2.0,32.0,32.0,32.13620000000003,34.0,34.0,0.5,False,False,1.8637999999999693
OverrunHandled,17,easy,0.1358000000000192,2.0,34.0,34.0,34.13580000000002,36.0,36.0,0.5,False,False,1.8641999999999825
OverrunHandled,18,easy,0.1588000000000144,2.0,36.0,36.0,36.158800000000014,38.0,38.0,0.5,False,False,1.8411999999999864
OverrunHandled,19,easy,0.136000000000025,2.0,38.0,38.0,38.136000000000024,40.0,40.0,0.5,False,False,1.863999999999976
OverrunHandled,20,easy,0.1327999999999329,2.0,40.0,40.0,40.13279999999993,42.0,42.0,0.5,False,False,1.867200000000068
OverrunHandled,21,easy,0.1377000000000183,2.0,42.0,42.0,42.13770000000002,44.0,44.0,0.5,False,False,1.8622999999999834
OverrunHandled,22,easy,0.1323000000000851,2.0,44.0,44.0,44.132300000000086,46.0,46.0,0.5,False,False,1.867699999999914
OverrunHandled,23,easy,0.1347999999999904,2.0,46.0,46.0,46.13479999999999,48.0,48.0,0.5,False,False,1.8652000000000086
OverrunHandled,24,easy,0.1942999999999806,2.0,48.0,48.0,48.194299999999984,50.0,50.0,0.5,False,False,1.8057000000000158
OverrunHandled,25,easy,0.1375000000000126,2.0,50.0,50.0,50.13750000000001,52.0,52.0,0.5,False,False,1.86249999999999
OverrunHandled,26,easy,0.1364000000001475,2.0,52.0,52.0,52.136400000000144,54.0,54.0,0.5,False,False,1.863599999999856
OverrunHandled,27,easy,0.1342999999998095,2.0,54.0,54.0,54.13429999999981,56.0,56.0,0.5,False,False,1.8657000000001887
OverrunHandled,28,easy,0.1335000000000086,2.0,56.0,56.0,56.13350000000001,58.0,58.0,0.5,False,False,1.8664999999999878
OverrunHandled,29,easy,0.1516999999999768,2.0,58.0,58.0,58.15169999999998,60.0,60.0,0.5,False,False,1.8483000000000231
OverrunHandled,30,medium,0.1378999999999131,2.0,60.0,60.0,60.13789999999992,62.0,62.0,0.5,False,False,1.8621000000000834
OverrunHandled,31,medium,0.5450000000000177,2.0,62.0,62.0,62.545000000000016,64.0,64.18000000000006,0.5,True,False,1.6350000000000477
OverrunHandled,32,medium,0.4469999999998642,2.0,64.0,64.0,64.44699999999986,66.0,66.0,0.5,False,False,1.5530000000001394
OverrunHandled,33,medium,0.3998000000000612,2.0,66.0,66.0,66.39980000000006,68.0,68.0,0.5,False,False,1.6001999999999441
OverrunHandled,34,medium,0.1345999999999847,2.0,68.0,68.0,68.13459999999998,70.0,70.0,0.5,False,False,1.8654000000000224
OverrunHandled,35,medium,0.1340999999999148,2.0,70.0,70.0,70.13409999999992,72.0,72.0,0.5,False,False,1.8659000000000816
OverrunHandled,36,medium,0.4186999999999941,2.0,72.0,72.0,72.4187,74.0,74.0,0.5,False,False,1.5812999999999988
OverrunHandled,37,medium,0.413600000000125,2.0,74.0,74.0,74.41360000000013,76.0,76.0,0.5,False,False,1.5863999999998697
OverrunHandled,38,medium,0.1314999999999511,2.0,76.0,76.0,76.13149999999995,78.0,78.0,0.5,False,False,1.8685000000000542
OverrunHandled,39,medium,0.1314000000001147,2.0,78.0,78.0,78.13140000000011,80.0,80.0,0.5,False,False,1.868599999999887
OverrunHandled,40,medium,0.4142000000000312,2.0,80.0,80.0,80.41420000000004,82.0,82.0,0.5,False,False,1.5857999999999635
OverrunHandled,41,medium,0.4167999999999949,2.0,82.0,82.0,82.4168,84.0,84.0,0.5,False,False,1.583200000000005
OverrunHandled,42,medium,0.4116000000000674,2.0,84.0,84.0,84.41160000000006,86.0,86.0,0.5,False,False,1.588399999999936
OverrunHandled,43,medium,0.5052999999999308,2.0,86.0,86.0,86.50529999999993,88.0,88.02119999999972,0.5,True,False,1.5158999999997889
OverrunHandled,44,medium,0.13440000000009,2.0,88.0,88.0,88.13440000000008,90.0,90.0,0.5,False,False,1.8655999999999153
OverrunHandled,45,medium,0.5854000000000692,2.0,90.0,90.0,90.58540000000006,92.0,92.34160000000028,0.5,True,False,1.75620000000022
OverrunHandled,46,medium,0.4051000000000471,2.0,92.0,92.0,92.40510000000005,94.0,94.0,0.5,False,False,1.594899999999953
OverrunHandled,47,medium,0.4140999999999728,2.0,94.0,94.0,94.41409999999998,96.0,96.0,0.5,False,False,1.5859000000000236
OverrunHandled,48,medium,0.1304999999998113,2.0,96.0,96.0,96.13049999999981,98.0,98.0,0.5,False,False,1.869500000000187
OverrunHandled,49,medium,0.1446999999998865,2.0,98.0,98.0,98.14469999999989,100.0,100.0,0.5,False,False,1.8553000000001134
OverrunHandled,50,medium,0.4083000000001391,2.0,100.0,100.0,100.40830000000014,102.0,102.0,0.5,False,False,1.591699999999861
OverrunHandled,51,medium,0.7789000000000268,2.0,102.0,102.0,102.77890000000002,104.0,105.11560000000011,0.5,True,False,2.336700000000093
OverrunHandled,52,medium,0.4151000000001126,2.0,104.0,104.0,104.41510000000011,106.0,106.0,0.5,False,False,1.584899999999891
OverrunHandled,53,medium,0.4177000000000763,2.0,106.0,106.0,106.41770000000008,108.0,108.0,0.5,False,False,1.5822999999999183
OverrunHandled,54,medium,0.4148000000001595,2.0,108.0,108.0,108.41480000000016,110.0,110.0,0.5,False,False,1.585199999999844
OverrunHandled,55,medium,0.1645000000001228,2.0,110.0,110.0,110.16450000000012,112.0,112.0,0.5,False,False,1.8354999999998824
OverrunHandled,56,medium,0.4200999999999233,2.0,112.0,112.0,112.42009999999992,114.0,114.0,0.5,False,False,1.5799000000000802
OverrunHandled,57,medium,0.4128999999999383,2.0,114.0,114.0,114.41289999999994,116.0,116.0,0.5,False,False,1.5871000000000635
OverrunHandled,58,medium,0.4306000000000587,2.0,116.0,116.0,116.43060000000006,118.0,118.0,0.5,False,False,1.5693999999999448
OverrunHandled,59,medium,0.1282000000000227,2.0,118.0,118.0,118.12820000000002,120.0,120.0,0.5,False,False,1.871799999999979
OverrunHandled,60,hard,12.752600000000005,2.0,120.0,120.0,132.7526,122.0,171.0104,0.5,True,False,38.2578
OverrunHandled,61,hard,7.669600000000054,2.0,122.0,122.0,129.66960000000006,124.0,152.6784000000002,0.5,True,False,23.00880000000015
OverrunHandled,62,hard,8.009799999999956,2.0,124.0,124.0,132.00979999999996,126.0,156.03919999999982,0.5,True,False,24.029399999999868
OverrunHandled,63,hard,7.793300000000114,2.0,126.0,126.0,133.7933000000001,128.0,157.17320000000046,0.5,True,False,23.37990000000036
OverrunHandled,64,hard,7.538099999999881,2.0,128.0,128.0,135.53809999999987,130.0,158.15239999999952,0.5,True,False,22.614299999999645
OverrunHandled,65,hard,7.789000000000046,2.0,130.0,130.0,137.78900000000004,132.0,161.15600000000018,0.5,True,False,23.367000000000132
OverrunHandled,66,hard,7.787899999999848,2.0,132.0,132.0,139.78789999999984,134.0,163.1515999999994,0.5,True,False,23.363699999999568
OverrunHandled,67,hard,8.03799999999999,2.0,134.0,134.0,142.03799999999998,136.0,166.15199999999996,0.5,True,False,24.113999999999976
OverrunHandled,68,hard,7.72930000000005,2.0,136.0,136.0,143.72930000000005,138.0,166.9172000000002,0.5,True,False,23.187900000000155
OverrunHandled,69,hard,7.744999999999891,2.0,138.0,138.0,145.7449999999999,140.0,168.97999999999956,0.5,True,False,23.234999999999673
OverrunHandled,70,hard,8.007799999999898,2.0,140.0,140.0,148.0077999999999,142.0,172.0311999999996,0.5,True,False,24.023399999999697
OverrunHandled,71,hard,8.749300000000293,2.0,142.0,142.0,150.7493000000003,144.0,176.99720000000116,0.5,True,False,26.247900000000868
OverrunHandled,72,hard,7.735499999999895,2.0,144.0,144.0,151.7354999999999,146.0,174.94199999999958,0.5,True,False,23.206499999999693
OverrunHandled,73,hard,7.857399999999792,2.0,146.0,146.0,153.85739999999979,148.0,177.42959999999917,0.5,True,False,23.572199999999384
OverrunHandled,74,hard,7.661899999999999,2.0,148.0,148.0,155.6619,150.0,178.6476,0.5,True,False,22.98570000000001
OverrunHandled,75,hard,7.795999999999914,2.0,150.0,150.0,157.7959999999999,152.0,181.18399999999966,0.5,True,False,23.38799999999975
OverrunHandled,76,hard,7.579799999999803,2.0,152.0,152.0,159.5797999999998,154.0,182.31919999999923,0.5,True,False,22.73939999999942
OverrunHandled,77,hard,7.70570000000026,2.0,154.0,154.0,161.70570000000026,156.0,184.82280000000105,0.5,True,False,23.11710000000079
OverrunHandled,78,hard,7.597699999999818,2.0,156.0,156.0,163.5976999999998,158.0,186.39079999999927,0.5,True,False,22.79309999999947
OverrunHandled,79,hard,7.918399999999881,2.0,158.0,158.0,165.91839999999988,160.0,189.6735999999995,0.5,True,False,23.755199999999633
OverrunHandled,80,hard,7.799900000000193,2.0,160.0,160.0,167.7999000000002,162.0,191.19960000000077,0.5,True,False,23.399700000000564
OverrunHandled,81,hard,7.565900000000347,2.0,162.0,162.0,169.56590000000034,164.0,192.2636000000014,0.5,True,False,22.69770000000105
OverrunHandled,82,hard,7.848999999999773,2.0,164.0,164.0,171.84899999999976,166.0,195.3959999999991,0.5,True,False,23.546999999999343
OverrunHandled,83,hard,7.82050000000023,2.0,166.0,166.0,173.82050000000024,168.0,197.28200000000092,0.5,True,False,23.461500000000683
OverrunHandled,84,hard,7.900999999999936,2.0,168.0,168.0,175.90099999999993,170.0,199.60399999999976,0.5,True,False,23.702999999999832
OverrunHandled,85,hard,7.802199999999981,2.0,170.0,170.0,177.80219999999997,172.0,201.20879999999994,0.5,True,False,23.40659999999997
OverrunHandled,86,hard,8.40609999999975,2.0,172.0,172.0,180.40609999999975,174.0,205.624399999999,0.5,True,False,25.21829999999926
OverrunHandled,87,hard,7.820199999999833,2.0,174.0,174.0,181.82019999999983,176.0,205.28079999999932,0.5,True,False,23.460599999999488
OverrunHandled,88,hard,7.671100000000042,2.0,176.0,176.0,183.67110000000005,178.0,206.68440000000015,0.5,True,False,23.0133000000001
OverrunHandled,89,hard,7.777799999999946,2.0,178.0,178.0,185.77779999999996,180.0,209.11119999999977,0.5,True,False,23.333399999999813
OverrunHandled,90,missing,7.824600000000181,2.0,180.0,180.0,187.82460000000017,182.0,211.29840000000073,0.5,True,False,23.47380000000055
OverrunHandled,91,missing,8.394800000000036,2.0,182.0,182.0,190.39480000000003,184.0,215.57920000000013,0.5,True,False,25.184400000000096
OverrunHandled,92,missing,7.822299999999949,2.0,184.0,184.0,191.82229999999996,186.0,215.2891999999998,0.5,True,False,23.46689999999984
OverrunHandled,93,missing,7.914099999999813,2.0,186.0,186.0,193.91409999999982,188.0,217.65639999999925,0.5,True,False,23.74229999999943
OverrunHandled,94,missing,7.883599999999991,2.0,188.0,188.0,195.8836,190.0,219.53439999999995,0.5,True,False,23.650799999999947
OverrunHandled,95,missing,7.763800000000209,2.0,190.0,190.0,197.7638000000002,192.0,221.05520000000084,0.5,True,False,23.291400000000635
OverrunHandled,96,missing,7.95749999999984,2.0,192.0,192.0,199.95749999999984,194.0,223.82999999999936,0.5,True,False,23.87249999999952
OverrunHandled,97,missing,7.614000000000232,2.0,194.0,194.0,201.61400000000023,196.0,224.45600000000093,0.5,True,False,22.842000000000695
OverrunHandled,98,missing,7.944699999999916,2.0,196.0,196.0,203.94469999999993,198.0,227.77879999999965,0.5,True,False,23.834099999999722
OverrunHandled,99,missing,7.590699999999728,2.0,198.0,198.0,205.59069999999974,200.0,228.3627999999989,0.5,True,False,22.77209999999917
OverrunHandled,100,missing,7.64710000000024,2.0,200.0,200.0,207.64710000000025,202.0,230.58840000000095,0.5,True,False,22.941300000000695
OverrunHandled,101,missing,7.823899999999995,2.0,202.0,202.0,209.82389999999998,204.0,233.29559999999998,0.5,True,False,23.4717
OverrunHandled,102,missing,7.689999999999753,2.0,204.0,204.0,211.68999999999974,206.0,234.75999999999902,0.5,True,False,23.069999999999283
OverrunHandled,103,missing,7.953399999999888,2.0,206.0,206.0,213.95339999999987,208.0,237.81359999999955,0.5,True,False,23.86019999999968
OverrunHandled,104,missing,7.847400000000171,2.0,208.0,208.0,215.84740000000016,210.0,239.38960000000068,0.5,True,False,23.54220000000052
OverrunHandled,105,missing,7.626899999999992,2.0,210.0,210.0,217.62689999999998,212.0,240.50759999999997,0.5,True,False,22.88069999999999
OverrunHandled,106,missing,8.105500000000099,2.0,212.0,212.0,220.1055000000001,214.0,244.4220000000004,0.5,True,False,24.316500000000303
OverrunHandled,107,missing,7.6032999999999795,2.0,214.0,214.0,221.6033,216.0,244.4131999999999,0.5,True,False,22.809899999999914
OverrunHandled,108,missing,7.98539999999992,2.0,216.0,216.0,223.9853999999999,218.0,247.94159999999968,0.5,True,False,23.956199999999768
OverrunHandled,109,missing,7.7449000000000545,2.0,218.0,218.0,225.74490000000006,220.0,248.97960000000023,0.5,True,False,23.234700000000174
OverrunHandled,110,missing,8.158599999999794,2.0,220.0,220.0,228.1585999999998,222.0,252.63439999999918,0.5,True,False,24.475799999999367
OverrunHandled,111,missing,7.640299999999822,2.0,222.0,222.0,229.64029999999983,224.0,252.5611999999993,0.5,True,False,22.920899999999477
OverrunHandled,112,missing,7.768599999999903,2.0,224.0,224.0,231.7685999999999,226.0,255.07439999999963,0.5,True,False,23.30579999999972
OverrunHandled,113,missing,7.737999999999801,2.0,226.0,226.0,233.7379999999998,228.0,256.9519999999992,0.5,True,False,23.213999999999402
OverrunHandled,114,missing,7.82689999999997,2.0,228.0,228.0,235.82689999999997,230.0,259.30759999999987,0.5,True,False,23.4806999999999
OverrunHandled,115,missing,8.012200000000025,2.0,230.0,230.0,238.01220000000004,232.0,262.0488000000001,0.5,True,False,24.03660000000005
OverrunHandled,116,missing,7.606700000000188,2.0,232.0,232.0,239.6067000000002,234.0,262.42680000000075,0.5,True,False,22.820100000000565
OverrunHandled,117,missing,7.541899999999657,2.0,234.0,234.0,241.54189999999966,236.0,264.16759999999863,0.5,True,False,22.62569999999897
OverrunHandled,118,missing,7.714299999999952,2.0,236.0,236.0,243.71429999999995,238.0,266.8571999999998,0.5,True,False,23.142899999999855
OverrunHandled,119,missing,7.798899999999609,2.0,238.0,238.0,245.7988999999996,240.0,269.1955999999984,0.5,True,False,23.396699999998816
